subreddit,number_of_active_users,log10_active_users,top_100,top_200,top_300
AskReddit,90891,4.958520881639488,Top 100,Top 200,Top 300
AmItheAsshole,35333,4.5481805134080275,Top 100,Top 200,Top 300
politics,22670,4.355451520126517,Top 100,Top 200,Top 300
teenagers,20519,4.312156191475623,Top 100,Top 200,Top 300
nba,19624,4.292787535198329,Top 100,Top 200,Top 300
worldnews,16348,4.213464629039556,Top 100,Top 200,Top 300
PublicFreakout,13766,4.138807765217715,Top 100,Top 200,Top 300
antiwork,13041,4.1153108949104995,Top 100,Top 200,Top 300
memes,12972,4.113006940000935,Top 100,Top 200,Top 300
news,12454,4.095308861385381,Top 100,Top 200,Top 300
Superstonk,12405,4.0935967686082275,Top 100,Top 200,Top 300
wallstreetbets,12252,4.088206988134535,Top 100,Top 200,Top 300
relationship_advice,11913,4.076021141783546,Top 100,Top 200,Top 300
soccer,11253,4.0512683188703855,Top 100,Top 200,Top 300
Eldenring,10057,4.002468450128332,Top 100,Top 200,Top 300
facepalm,9099,3.958993665030326,Top 100,Top 200,Top 300
conspiracy,9050,3.9566485792052033,Top 100,Top 200,Top 300
SquaredCircle,8985,3.953518081444993,Top 100,Top 200,Top 300
AskMen,8918,3.9502674680135885,Top 100,Top 200,Top 300
formula1,8601,3.934548947666147,Top 100,Top 200,Top 300
PoliticalCompassMemes,8100,3.9084850188786495,Top 100,Top 200,Top 300
gaming,7549,3.877889425371484,Top 100,Top 200,Top 300
hockey,7534,3.877025615867249,Top 100,Top 200,Top 300
TooAfraidToAsk,7389,3.8685856665587655,Top 100,Top 200,Top 300
nfl,7255,3.8606374167737547,Top 100,Top 200,Top 300
TrueOffMyChest,7177,3.855942946232316,Top 100,Top 200,Top 300
CryptoCurrency,7025,3.8466463285771173,Top 100,Top 200,Top 300
NoStupidQuestions,7001,3.8451600776519457,Top 100,Top 200,Top 300
mildlyinfuriating,6983,3.8440420420410164,Top 100,Top 200,Top 300
unpopularopinion,6923,3.840294331611436,Top 100,Top 200,Top 300
PokemonGoFriends,6885,3.8379039445929424,Top 100,Top 200,Top 300
interestingasfuck,6822,3.8339117150713786,Top 100,Top 200,Top 300
KGBTR,6736,3.8284020784915933,Top 100,Top 200,Top 300
OnePiece,6554,3.816506437046357,Top 100,Top 200,Top 300
StarWars,6526,3.814647069451856,Top 100,Top 200,Top 300
196,6289,3.7985815947285477,Top 100,Top 200,Top 300
movies,6286,3.7983743766815614,Top 100,Top 200,Top 300
WhitePeopleTwitter,6241,3.7952541825808828,Top 100,Top 200,Top 300
polls,6146,3.7885925559203595,Top 100,Top 200,Top 300
PokemonGoRaids,5997,3.7779340488377793,Top 100,Top 200,Top 300
technology,5912,3.7717344253867693,Top 100,Top 200,Top 300
ukraine,5830,3.765668554759014,Top 100,Top 200,Top 300
baseball,5732,3.758306181725307,Top 100,Top 200,Top 300
leagueoflegends,5629,3.750431248660202,Top 100,Top 200,Top 300
FreeKarma4You,5446,3.736077637003946,Top 100,Top 200,Top 300
DestinyTheGame,5272,3.7219754015859534,Top 100,Top 200,Top 300
nextfuckinglevel,5199,3.7159198174335795,Top 100,Top 200,Top 300
deadbydaylight,5074,3.705350462885712,Top 100,Top 200,Top 300
TheBoys,5039,3.7023443583557687,Top 100,Top 200,Top 300
AskUK,4912,3.691258358133111,Top 100,Top 200,Top 300
pcmasterrace,4897,3.689930104018218,Top 100,Top 200,Top 300
Genshin_Impact,4776,3.6790643181213127,Top 100,Top 200,Top 300
Damnthatsinteresting,4746,3.6763277338813203,Top 100,Top 200,Top 300
lostarkgame,4561,3.6590600722409383,Top 100,Top 200,Top 300
StrangerThings,4502,3.6534054906645013,Top 100,Top 200,Top 300
europe,4483,3.651568738865792,Top 100,Top 200,Top 300
shitposting,4476,3.6508900778563125,Top 100,Top 200,Top 300
canada,4470,3.6503075231319366,Top 100,Top 200,Top 300
IdiotsInCars,4398,3.6432552250247716,Top 100,Top 200,Top 300
Unexpected,4347,3.638189640190837,Top 100,Top 200,Top 300
CrazyFuckingVideos,4337,3.637189422148762,Top 100,Top 200,Top 300
Tinder,4316,3.635081436010873,Top 100,Top 200,Top 300
Philippines,4258,3.629205657102304,Top 100,Top 200,Top 300
golf,4160,3.6190933306267428,Top 100,Top 200,Top 300
de,4132,3.6161603128475828,Top 100,Top 200,Top 300
Conservative,4127,3.615634468877416,Top 100,Top 200,Top 300
FreeKarma4U,4112,3.614053105987219,Top 100,Top 200,Top 300
FortNiteBR,4081,3.610766594773271,Top 100,Top 200,Top 300
PoliticalHumor,4079,3.6105537053170944,Top 100,Top 200,Top 300
marvelstudios,4003,3.602385590105105,Top 100,Top 200,Top 300
CasualUK,4002,3.6022770843001926,Top 100,Top 200,Top 300
CFB,3938,3.5952757118020995,Top 100,Top 200,Top 300
MMA,3866,3.5872618496925344,Top 100,Top 200,Top 300
FemBoys,3856,3.586137025230793,Top 100,Top 200,Top 300
pics,3836,3.583878598498626,Top 100,Top 200,Top 300
funny,3831,3.5833121519830775,Top 100,Top 200,Top 300
apexlegends,3773,3.5766868052009957,Top 100,Top 200,Top 300
AskRedditAfterDark,3769,3.5762261374496047,Top 100,Top 200,Top 300
ireland,3760,3.575187844927661,Top 100,Top 200,Top 300
MadeMeSmile,3743,3.5732198271144218,Top 100,Top 200,Top 300
HolUp,3655,3.562887381293879,Top 100,Top 200,Top 300
television,3652,3.562530768862261,Top 100,Top 200,Top 300
cats,3605,3.5569052690554477,Top 100,Top 200,Top 300
JusticeForJohnnyDepp,3558,3.5512059437479064,Top 100,Top 200,Top 300
ufc,3543,3.549371152333177,Top 100,Top 200,Top 300
gonewild,3493,3.5431985856376467,Top 100,Top 200,Top 300
TwoXChromosomes,3477,3.5412046906832586,Top 100,Top 200,Top 300
france,3415,3.5333907080175515,Top 100,Top 200,Top 300
ProgrammerHumor,3407,3.5323721335678773,Top 100,Top 200,Top 300
neoliberal,3400,3.531478917042255,Top 100,Top 200,Top 300
DiabloImmortal,3358,3.5260806918020298,Top 100,Top 200,Top 300
JoeRogan,3328,3.5221833176186865,Top 100,Top 200,Top 300
Christianity,3239,3.510410948010177,Top 100,Top 200,Top 300
2007scape,3210,3.506505032404872,Top 100,Top 200,Top 300
Advice,3186,3.503245771465113,Top 100,Top 200,Top 300
mildlyinteresting,3144,3.4974825373673704,Top 100,Top 200,Top 300
Warthunder,3126,3.494988973683168,Top 100,Top 200,Top 300
FragReddit,3059,3.485579476984679,Top 100,Top 200,Top 300
ukpolitics,3054,3.484869032720402,Top 100,Top 200,Top 300
needysluts,3042,3.4831592097169795,Top 100,Top 200,Top 300
greentext,3033,3.4818724103106633,Rest of subreddits,Top 200,Top 300
todayilearned,3004,3.4776999283321306,Rest of subreddits,Top 200,Top 300
PrequelMemes,2976,3.473632926873841,Rest of subreddits,Top 200,Top 300
terriblefacebookmemes,2964,3.4718781993072905,Rest of subreddits,Top 200,Top 300
DnD,2946,3.469232742506612,Rest of subreddits,Top 200,Top 300
UkrainianConflict,2933,3.467312062980552,Rest of subreddits,Top 200,Top 300
ffxiv,2928,3.4665710723863543,Rest of subreddits,Top 200,Top 300
sex,2909,3.463743721247059,Rest of subreddits,Top 200,Top 300
bostonceltics,2903,3.4628470358316736,Rest of subreddits,Top 200,Top 300
argentina,2902,3.4626974081017172,Rest of subreddits,Top 200,Top 300
SteamDeck,2901,3.4625477288026643,Rest of subreddits,Top 200,Top 300
pokemon,2893,3.461348433647983,Rest of subreddits,Top 200,Top 300
Minecraft,2885,3.46014581749175,Rest of subreddits,Top 200,Top 300
AskAnAmerican,2879,3.459241664878082,Rest of subreddits,Top 200,Top 300
redscarepod,2871,3.458033192496506,Rest of subreddits,Top 200,Top 300
starcitizen,2832,3.4520932490177314,Rest of subreddits,Top 200,Top 300
dankmemes,2831,3.451939869365103,Rest of subreddits,Top 200,Top 300
warriors,2826,3.4511721575125396,Rest of subreddits,Top 200,Top 300
unitedkingdom,2821,3.450403086155366,Rest of subreddits,Top 200,Top 300
tennis,2820,3.450249108319361,Rest of subreddits,Top 200,Top 300
NonCredibleDefense,2809,3.4485517392015783,Rest of subreddits,Top 200,Top 300
australia,2807,3.448242412634439,Rest of subreddits,Top 200,Top 300
LoveIslandTV,2782,3.4443571256560275,Rest of subreddits,Top 200,Top 300
economy,2772,3.442793225939769,Rest of subreddits,Top 200,Top 300
anime,2771,3.442636525782232,Rest of subreddits,Top 200,Top 300
fuckcars,2737,3.4372747974101237,Rest of subreddits,Top 200,Top 300
Bitcoin,2732,3.436480695009495,Rest of subreddits,Top 200,Top 300
weed,2708,3.4326486600131068,Rest of subreddits,Top 200,Top 300
brasil,2676,3.4274861090957853,Rest of subreddits,Top 200,Top 300
pathofexile,2665,3.425697213362591,Rest of subreddits,Top 200,Top 300
Games,2649,3.423081958297231,Rest of subreddits,Top 200,Top 300
Firearms,2647,3.422753941301348,Rest of subreddits,Top 200,Top 300
ThatsInsane,2630,3.419955748489758,Rest of subreddits,Top 200,Top 300
Showerthoughts,2624,3.4189638307036225,Rest of subreddits,Top 200,Top 300
Romania,2610,3.416640507338281,Rest of subreddits,Top 200,Top 300
hungary,2592,3.413634997198556,Rest of subreddits,Top 200,Top 300
BravoRealHousewives,2565,3.409087369447835,Rest of subreddits,Top 200,Top 300
changemyview,2555,3.4073909044707316,Rest of subreddits,Top 200,Top 300
destiny2,2552,3.4068806700491248,Rest of subreddits,Top 200,Top 300
dndmemes,2534,3.4038066105474227,Rest of subreddits,Top 200,Top 300
Genshin_Impact_Leaks,2522,3.401745082237063,Rest of subreddits,Top 200,Top 300
Cricket,2508,3.399327532158679,Rest of subreddits,Top 200,Top 300
HistoryMemes,2501,3.3981136917305026,Rest of subreddits,Top 200,Top 300
doordash_drivers,2498,3.3975924340381165,Rest of subreddits,Top 200,Top 300
EscapefromTarkov,2489,3.3960248966085933,Rest of subreddits,Top 200,Top 300
SluttyConfessions,2483,3.394976719554564,Rest of subreddits,Top 200,Top 300
PersonalFinanceCanada,2458,3.390581878550435,Rest of subreddits,Top 200,Top 300
RoastMe,2436,3.3866772839608377,Rest of subreddits,Top 200,Top 300
dating_advice,2423,3.384353414137506,Rest of subreddits,Top 200,Top 300
wow,2420,3.383815365980431,Rest of subreddits,Top 200,Top 300
DotA2,2420,3.383815365980431,Rest of subreddits,Top 200,Top 300
Chiraqology,2407,3.38147609027503,Rest of subreddits,Top 200,Top 300
chubby,2404,3.3809344633307017,Rest of subreddits,Top 200,Top 300
MapPorn,2400,3.380211241711606,Rest of subreddits,Top 200,Top 300
Gunners,2400,3.380211241711606,Rest of subreddits,Top 200,Top 300
oddlyterrifying,2390,3.3783979009481375,Rest of subreddits,Top 200,Top 300
nottheonion,2384,3.377306251068199,Rest of subreddits,Top 200,Top 300
ClashRoyale,2379,3.3763944420372662,Rest of subreddits,Top 200,Top 300
newzealand,2368,3.374381698050882,Rest of subreddits,Top 200,Top 300
halo,2364,3.3736474722092176,Rest of subreddits,Top 200,Top 300
GunAccessoriesForSale,2353,3.3716219271760215,Rest of subreddits,Top 200,Top 300
relationships,2335,3.368286884902131,Rest of subreddits,Top 200,Top 300
ontario,2296,3.3609718837259357,Rest of subreddits,Top 200,Top 300
TerrifyingAsFuck,2276,3.3571722577230334,Rest of subreddits,Top 200,Top 300
amcstock,2273,3.356599435724971,Rest of subreddits,Top 200,Top 300
selfie,2267,3.3554515201265174,Rest of subreddits,Top 200,Top 300
cars,2264,3.354876422516234,Rest of subreddits,Top 200,Top 300
BestofRedditorUpdates,2260,3.3541084391474008,Rest of subreddits,Top 200,Top 300
collapse,2259,3.353916230920363,Rest of subreddits,Top 200,Top 300
Anarcho_Capitalism,2257,3.353531559077762,Rest of subreddits,Top 200,Top 300
Destiny,2254,3.3529539117100877,Rest of subreddits,Top 200,Top 300
personalfinance,2251,3.35237549500052,Rest of subreddits,Top 200,Top 300
BeyondTheFog,2249,3.351989455435632,Rest of subreddits,Top 200,Top 300
CombatFootage,2243,3.350829273582968,Rest of subreddits,Top 200,Top 300
exmormon,2239,3.3500540935790304,Rest of subreddits,Top 200,Top 300
portugal,2227,3.347720217034038,Rest of subreddits,Top 200,Top 300
NYYankees,2225,3.3473300153169503,Rest of subreddits,Top 200,Top 300
Brawlstars,2223,3.3469394626989906,Rest of subreddits,Top 200,Top 300
masterduel,2221,3.346548558548474,Rest of subreddits,Top 200,Top 300
sweden,2217,3.345765693114488,Rest of subreddits,Top 200,Top 300
dndnext,2209,3.344195715871435,Rest of subreddits,Top 200,Top 300
entertainment,2207,3.343802333161655,Rest of subreddits,Top 200,Top 300
KUWTK,2188,3.340047317661393,Rest of subreddits,Top 200,Top 300
playboicarti,2177,3.3378584290410944,Rest of subreddits,Top 200,Top 300
Parenting,2175,3.337459261290656,Rest of subreddits,Top 200,Top 300
askgaybros,2171,3.3366598234544202,Rest of subreddits,Top 200,Top 300
tf2,2162,3.3348556896172914,Rest of subreddits,Top 200,Top 300
army,2160,3.3344537511509307,Rest of subreddits,Top 200,Top 300
childfree,2137,3.3298045221640695,Rest of subreddits,Top 200,Top 300
Overwatch,2130,3.3283796034387376,Rest of subreddits,Top 200,Top 300
formuladank,2120,3.326335860928751,Rest of subreddits,Top 200,Top 300
buildapc,2101,3.3224260524059526,Rest of subreddits,Top 200,Top 300
therewasanattempt,2098,3.3218054838575393,Rest of subreddits,Top 200,Top 300
AbruptChaos,2094,3.3209766773428235,Rest of subreddits,Top 200,Top 300
MonsterHunter,2090,3.3201462861110542,Rest of subreddits,Top 200,Top 300
AskWomen,2070,3.315970345456918,Rest of subreddits,Top 200,Top 300
manga,2069,3.3157604906657347,Rest of subreddits,Top 200,Top 300
TwoBestFriendsPlay,2051,3.3119656603683665,Rest of subreddits,Top 200,Top 300
OnePunchMan,2049,3.311541958401195,Rest of subreddits,Top 200,Top 300
OldSchoolCool,2040,3.3096301674258988,Rest of subreddits,Top 200,Top 300
ARK,2031,3.307709923404807,Rest of subreddits,Rest of subreddits,Top 300
Sims4,2031,3.307709923404807,Rest of subreddits,Rest of subreddits,Top 300
trees,2022,3.3057811512549824,Rest of subreddits,Rest of subreddits,Top 300
IndiaSpeaks,2019,3.305136318943639,Rest of subreddits,Rest of subreddits,Top 300
pcgaming,2017,3.3047058982127653,Rest of subreddits,Rest of subreddits,Top 300
90dayfianceuncensored,2012,3.30362797638389,Rest of subreddits,Rest of subreddits,Top 300
trashy,1996,3.3001605369513523,Rest of subreddits,Rest of subreddits,Top 300
PS5,1995,3.299942900022767,Rest of subreddits,Rest of subreddits,Top 300
FreeCompliments,1987,3.298197867109815,Rest of subreddits,Rest of subreddits,Top 300
aww,1986,3.2979792441593623,Rest of subreddits,Rest of subreddits,Top 300
SonicTheHedgehog,1979,3.296445794206396,Rest of subreddits,Rest of subreddits,Top 300
Denmark,1937,3.287129620719111,Rest of subreddits,Rest of subreddits,Top 300
Buttcoin,1925,3.2844307338445193,Rest of subreddits,Rest of subreddits,Top 300
stocks,1921,3.2835273648616936,Rest of subreddits,Rest of subreddits,Top 300
nursing,1917,3.2826221128780624,Rest of subreddits,Rest of subreddits,Top 300
WTF,1916,3.2823955047425257,Rest of subreddits,Rest of subreddits,Top 300
desabafos,1911,3.281260687055013,Rest of subreddits,Rest of subreddits,Top 300
Market76,1909,3.280805928393667,Rest of subreddits,Rest of subreddits,Top 300
lgbt,1904,3.2796669440484556,Rest of subreddits,Rest of subreddits,Top 300
90DayFiance,1903,3.2794387882870204,Rest of subreddits,Rest of subreddits,Top 300
Austin,1889,3.2762319579218335,Rest of subreddits,Rest of subreddits,Top 300
AFL,1889,3.2762319579218335,Rest of subreddits,Rest of subreddits,Top 300
pokemongo,1889,3.2762319579218335,Rest of subreddits,Rest of subreddits,Top 300
UFOs,1886,3.2755416884013098,Rest of subreddits,Rest of subreddits,Top 300
thefighterandthekid,1885,3.2753113545418118,Rest of subreddits,Rest of subreddits,Top 300
dating,1876,3.2732328340430454,Rest of subreddits,Rest of subreddits,Top 300
reddevils,1875,3.2730012720637376,Rest of subreddits,Rest of subreddits,Top 300
magicTCG,1849,3.2669369111591733,Rest of subreddits,Rest of subreddits,Top 300
TheOwlHouse,1845,3.265996370495079,Rest of subreddits,Rest of subreddits,Top 300
lostgeneration,1844,3.2657609167176105,Rest of subreddits,Rest of subreddits,Top 300
ich_iel,1842,3.26528962586083,Rest of subreddits,Rest of subreddits,Top 300
LosAngeles,1835,3.263636068588108,Rest of subreddits,Rest of subreddits,Top 300
grandorder,1835,3.263636068588108,Rest of subreddits,Rest of subreddits,Top 300
Warhammer40k,1831,3.2626883443016963,Rest of subreddits,Rest of subreddits,Top 300
ottawa,1819,3.2598326990634834,Rest of subreddits,Rest of subreddits,Top 300
betterCallSaul,1814,3.2586372827240764,Rest of subreddits,Rest of subreddits,Top 300
traps,1811,3.2579184503140586,Rest of subreddits,Rest of subreddits,Top 300
india,1803,3.255995726722402,Rest of subreddits,Rest of subreddits,Top 300
autism,1793,3.253580289562183,Rest of subreddits,Rest of subreddits,Top 300
FashionReps,1790,3.2528530309798933,Rest of subreddits,Rest of subreddits,Top 300
mexico,1784,3.2513948500401044,Rest of subreddits,Rest of subreddits,Top 300
Wallstreetsilver,1778,3.249931756634195,Rest of subreddits,Rest of subreddits,Top 300
bjj,1777,3.2496874278053016,Rest of subreddits,Rest of subreddits,Top 300
BabyBumps,1774,3.2489536154957075,Rest of subreddits,Rest of subreddits,Top 300
FundieSnarkUncensored,1772,3.248463717551032,Rest of subreddits,Rest of subreddits,Top 300
NASCAR,1763,3.246252312299322,Rest of subreddits,Rest of subreddits,Top 300
ColoradoAvalanche,1756,3.244524511570084,Rest of subreddits,Rest of subreddits,Top 300
NYStateOfMind,1752,3.243534101832062,Rest of subreddits,Rest of subreddits,Top 300
StarWarsKenobi,1750,3.2430380486862944,Rest of subreddits,Rest of subreddits,Top 300
confessions,1743,3.2412973871099933,Rest of subreddits,Rest of subreddits,Top 300
barstoolsports,1735,3.2392994791268928,Rest of subreddits,Rest of subreddits,Top 300
rupaulsdragrace,1733,3.238798562713917,Rest of subreddits,Rest of subreddits,Top 300
videos,1723,3.2362852774480286,Rest of subreddits,Rest of subreddits,Top 300
KitchenConfidential,1723,3.2362852774480286,Rest of subreddits,Rest of subreddits,Top 300
stopdrinking,1714,3.2340108175871793,Rest of subreddits,Rest of subreddits,Top 300
China_irl,1712,3.2335037603411343,Rest of subreddits,Rest of subreddits,Top 300
pussy,1709,3.232742062720737,Rest of subreddits,Rest of subreddits,Top 300
croatia,1708,3.232487866352986,Rest of subreddits,Rest of subreddits,Top 300
Deuxmoi,1708,3.232487866352986,Rest of subreddits,Rest of subreddits,Top 300
offmychest,1703,3.231214647962601,Rest of subreddits,Rest of subreddits,Top 300
chile,1703,3.231214647962601,Rest of subreddits,Rest of subreddits,Top 300
serbia,1688,3.2273724422896364,Rest of subreddits,Rest of subreddits,Top 300
vancouver,1686,3.2268575702887237,Rest of subreddits,Rest of subreddits,Top 300
AMA,1684,3.226342087163631,Rest of subreddits,Rest of subreddits,Top 300
StardewValley,1682,3.2258259914618934,Rest of subreddits,Rest of subreddits,Top 300
EDH,1682,3.2258259914618934,Rest of subreddits,Rest of subreddits,Top 300
UkraineWarVideoReport,1681,3.225567713439471,Rest of subreddits,Rest of subreddits,Top 300
Sissies,1679,3.225050696138049,Rest of subreddits,Rest of subreddits,Top 300
Hololive,1677,3.2245330626060857,Rest of subreddits,Rest of subreddits,Top 300
indonesia,1673,3.2234959409623944,Rest of subreddits,Rest of subreddits,Top 300
Terraria,1672,3.2232362731029975,Rest of subreddits,Rest of subreddits,Top 300
Justrolledintotheshop,1671,3.2229764498933915,Rest of subreddits,Rest of subreddits,Top 300
nrl,1665,3.2214142378423385,Rest of subreddits,Rest of subreddits,Top 300
LateStageCapitalism,1663,3.2208922492195193,Rest of subreddits,Rest of subreddits,Top 300
eyeblech,1659,3.2198463860243605,Rest of subreddits,Rest of subreddits,Top 300
gardening,1658,3.2195845262142546,Rest of subreddits,Rest of subreddits,Top 300
Cooking,1652,3.218010042984363,Rest of subreddits,Rest of subreddits,Top 300
DuggarsSnark,1651,3.2177470732627937,Rest of subreddits,Rest of subreddits,Top 300
Starfield,1644,3.215901813204032,Rest of subreddits,Rest of subreddits,Top 300
ar15,1640,3.214843848047698,Rest of subreddits,Rest of subreddits,Top 300
sysadmin,1637,3.2140486794119414,Rest of subreddits,Rest of subreddits,Top 300
TheSilphRoad,1635,3.2135177569963047,Rest of subreddits,Rest of subreddits,Top 300
namenerds,1633,3.212986184736668,Rest of subreddits,Rest of subreddits,Top 300
ADHD,1630,3.2121876044039577,Rest of subreddits,Rest of subreddits,Top 300
greece,1626,3.2111205412580492,Rest of subreddits,Rest of subreddits,Top 300
Turkey,1624,3.2105860249051563,Rest of subreddits,Rest of subreddits,Top 300
atheism,1621,3.209783014848515,Rest of subreddits,Rest of subreddits,Top 300
Suomi,1617,3.208710019906401,Rest of subreddits,Rest of subreddits,Top 300
XboxSeriesX,1616,3.208441356438567,Rest of subreddits,Rest of subreddits,Top 300
TeenMomOGandTeenMom2,1615,3.2081725266671217,Rest of subreddits,Rest of subreddits,Top 300
walmart,1614,3.2079035303860515,Rest of subreddits,Rest of subreddits,Top 300
preguntaleareddit,1610,3.2068258760318495,Rest of subreddits,Rest of subreddits,Top 300
motorcycles,1606,3.205745540942662,Rest of subreddits,Rest of subreddits,Top 300
italy,1602,3.204662511748219,Rest of subreddits,Rest of subreddits,Top 300
IndianTeenagers,1596,3.2030328870147105,Rest of subreddits,Rest of subreddits,Top 300
meirl,1595,3.2027606873931997,Rest of subreddits,Rest of subreddits,Top 300
onlyfansgirls101,1589,3.2011238972073794,Rest of subreddits,Rest of subreddits,Top 300
traaaaaaannnnnnnnnns,1586,3.200303182981585,Rest of subreddits,Rest of subreddits,Top 300
gtaonline,1583,3.199480914862356,Rest of subreddits,Rest of subreddits,Top 300
discgolf,1582,3.1992064791616577,Rest of subreddits,Rest of subreddits,Top 300
